Primary Type,Description,Arrest,Beat
BATTERY,SIMPLE,FALSE,2222
NARCOTICS,POSS: CANNABIS 30GMS OR LESS,TRUE,414
BATTERY,AGGRAVATED DOMESTIC BATTERY: OTHER DANG WEAPON,FALSE,631
ASSAULT,SIMPLE,TRUE,333
THEFT,OVER $500,FALSE,1934
BURGLARY,UNLAWFUL ENTRY,FALSE,1821
CRIMINAL DAMAGE,TO VEHICLE,FALSE,2513
BATTERY,DOMESTIC BATTERY SIMPLE,FALSE,1123
NARCOTICS,POSS: CANNABIS 30GMS OR LESS,TRUE,1622
BATTERY,DOMESTIC BATTERY SIMPLE,FALSE,622
NARCOTICS,POSS: COCAINE,TRUE,922
BATTERY,DOMESTIC BATTERY SIMPLE,FALSE,2533
ASSAULT,SIMPLE,FALSE,621
BATTERY,SIMPLE,FALSE,632
ROBBERY,ARMED: HANDGUN,FALSE,925
CRIMINAL DAMAGE,TO VEHICLE,FALSE,2524
CRIMINAL DAMAGE,TO VEHICLE,FALSE,1123
THEFT,FROM BUILDING,FALSE,1932
CRIMINAL DAMAGE,TO PROPERTY,FALSE,212
THEFT,$500 AND UNDER,TRUE,823
THEFT,$500 AND UNDER,FALSE,1213
BURGLARY,FORCIBLE ENTRY,FALSE,1935
BATTERY,SIMPLE,FALSE,2212
NARCOTICS,POSS: CANNABIS 30GMS OR LESS,TRUE,2515
CRIMINAL DAMAGE,TO VEHICLE,FALSE,1412
MOTOR VEHICLE THEFT,AUTOMOBILE,FALSE,921
THEFT,OVER $500,FALSE,831
CRIM SEXUAL ASSAULT,NON-AGGRAVATED,FALSE,2033
CRIMINAL DAMAGE,TO PROPERTY,FALSE,212
ROBBERY,ARMED: HANDGUN,FALSE,2221
OTHER OFFENSE,PAROLE VIOLATION,TRUE,722
THEFT,FROM BUILDING,FALSE,332
THEFT,OVER $500,FALSE,2511
CRIMINAL DAMAGE,TO PROPERTY,TRUE,2532
THEFT,FROM BUILDING,FALSE,2512
BATTERY,DOMESTIC BATTERY SIMPLE,TRUE,1021
ASSAULT,SIMPLE,FALSE,512
CRIMINAL TRESPASS,TO LAND,TRUE,924
BURGLARY,FORCIBLE ENTRY,FALSE,324
OTHER OFFENSE,TELEPHONE THREAT,FALSE,834
ASSAULT,SIMPLE,FALSE,225
ASSAULT,AGGRAVATED: HANDGUN,FALSE,2532
OTHER OFFENSE,OTHER VEHICLE OFFENSE,FALSE,1512
BATTERY,DOMESTIC BATTERY SIMPLE,FALSE,2222
NARCOTICS,FOUND SUSPECT NARCOTICS,TRUE,2532
THEFT,OVER $500,FALSE,2511
CRIMINAL DAMAGE,TO VEHICLE,FALSE,1024
CRIMINAL DAMAGE,TO PROPERTY,FALSE,332
NARCOTICS,POSS: CANNABIS 30GMS OR LESS,TRUE,2031
CRIMINAL DAMAGE,TO VEHICLE,FALSE,1121
ASSAULT,SIMPLE,FALSE,1522
CRIMINAL DAMAGE,TO PROPERTY,FALSE,1924
CRIMINAL DAMAGE,TO PROPERTY,FALSE,225
ASSAULT,SIMPLE,TRUE,825
THEFT,$500 AND UNDER,FALSE,1221
THEFT,$500 AND UNDER,FALSE,731
THEFT,OVER $500,FALSE,2511
NARCOTICS,POSS: CANNABIS 30GMS OR LESS,TRUE,623
BATTERY,AGGRAVATED DOMESTIC BATTERY: HANDGUN,TRUE,711
THEFT,RETAIL THEFT,FALSE,1432
CRIMINAL DAMAGE,TO PROPERTY,FALSE,1021
NARCOTICS,POSS: CANNABIS 30GMS OR LESS,TRUE,933
OTHER OFFENSE,HARASSMENT BY TELEPHONE,FALSE,1824
THEFT,RETAIL THEFT,TRUE,111
NARCOTICS,MANU/DELIVER: HEROIN (WHITE),TRUE,1132
ROBBERY,ARMED: HANDGUN,FALSE,423
OTHER OFFENSE,GUN OFFENDER: ANNUAL REGISTRATION,TRUE,2535
ASSAULT,SIMPLE,FALSE,612
MOTOR VEHICLE THEFT,AUTOMOBILE,FALSE,524
BURGLARY,UNLAWFUL ENTRY,FALSE,833
CRIMINAL DAMAGE,TO VEHICLE,FALSE,1432
BATTERY,AGGRAVATED: HANDGUN,FALSE,624
OTHER OFFENSE,HARASSMENT BY TELEPHONE,FALSE,1235
ASSAULT,AGGRAVATED: HANDGUN,FALSE,825
NARCOTICS,POSS: CANNABIS 30GMS OR LESS,TRUE,824
BATTERY,SIMPLE,TRUE,2032
ASSAULT,SIMPLE,FALSE,2211
WEAPONS VIOLATION,UNLAWFUL POSS OF HANDGUN,TRUE,822
ASSAULT,SIMPLE,FALSE,512
THEFT,$500 AND UNDER,FALSE,1411
THEFT,OVER $500,FALSE,1031
OTHER OFFENSE,TELEPHONE THREAT,FALSE,631
CRIMINAL DAMAGE,TO VEHICLE,FALSE,1933
THEFT,OVER $500,FALSE,1914
CRIMINAL DAMAGE,TO VEHICLE,FALSE,112
BATTERY,DOMESTIC BATTERY SIMPLE,FALSE,1224
CRIMINAL DAMAGE,TO PROPERTY,FALSE,1512
BATTERY,SIMPLE,FALSE,2022
BATTERY,AGG: HANDS/FIST/FEET NO/MINOR INJURY,FALSE,1934
NARCOTICS,MANU/DEL:CANNABIS 10GM OR LESS,TRUE,1533
THEFT,$500 AND UNDER,TRUE,122
OTHER OFFENSE,TELEPHONE THREAT,FALSE,1011
NARCOTICS,POSS: CANNABIS 30GMS OR LESS,TRUE,1014
THEFT,$500 AND UNDER,FALSE,731
BATTERY,DOMESTIC BATTERY SIMPLE,FALSE,513
BATTERY,AGGRAVATED DOMESTIC BATTERY: OTHER DANG WEAPON,FALSE,331
CRIMINAL DAMAGE,TO VEHICLE,FALSE,831
CRIMINAL DAMAGE,TO VEHICLE,FALSE,434
BATTERY,DOMESTIC BATTERY SIMPLE,FALSE,231
BATTERY,AGGRAVATED: OTHER DANG WEAPON,FALSE,1032
OTHER OFFENSE,VEHICLE TITLE/REG OFFENSE,TRUE,321
NARCOTICS,POSS: CRACK,TRUE,2534
NARCOTICS,POSS: HEROIN(WHITE),TRUE,733
MOTOR VEHICLE THEFT,AUTOMOBILE,FALSE,714
BATTERY,SIMPLE,FALSE,322
MOTOR VEHICLE THEFT,AUTOMOBILE,FALSE,1811
CRIMINAL DAMAGE,TO PROPERTY,FALSE,232
OTHER OFFENSE,HARASSMENT BY ELECTRONIC MEANS,FALSE,1211
NARCOTICS,POSS: PCP,TRUE,1532
BATTERY,SIMPLE,FALSE,513
WEAPONS VIOLATION,UNLAWFUL POSS OF HANDGUN,TRUE,1113
THEFT,$500 AND UNDER,FALSE,2521
BATTERY,DOMESTIC BATTERY SIMPLE,FALSE,833
BURGLARY,FORCIBLE ENTRY,FALSE,822
CRIMINAL DAMAGE,TO PROPERTY,FALSE,423
ASSAULT,SIMPLE,FALSE,1513
MOTOR VEHICLE THEFT,AUTOMOBILE,FALSE,1813
THEFT,OVER $500,FALSE,1624
CRIMINAL DAMAGE,TO VEHICLE,FALSE,1121
CRIMINAL DAMAGE,TO VEHICLE,FALSE,2524
BATTERY,DOMESTIC BATTERY SIMPLE,FALSE,1732
CRIMINAL TRESPASS,TO LAND,TRUE,533
KIDNAPPING,AGGRAVATED,FALSE,124
ASSAULT,AGGRAVATED:KNIFE/CUTTING INSTR,FALSE,623
BATTERY,AGGRAVATED:KNIFE/CUTTING INSTR,FALSE,431
THEFT,$500 AND UNDER,FALSE,412
BATTERY,SIMPLE,FALSE,1021
BATTERY,DOMESTIC BATTERY SIMPLE,TRUE,431
BATTERY,AGGRAVATED: OTHER DANG WEAPON,FALSE,1011
MOTOR VEHICLE THEFT,AUTOMOBILE,FALSE,1121
MOTOR VEHICLE THEFT,AUTOMOBILE,FALSE,321
BATTERY,DOMESTIC BATTERY SIMPLE,FALSE,621
ROBBERY,ARMED: HANDGUN,FALSE,711
ROBBERY,ATTEMPT: ARMED-HANDGUN,FALSE,621
DECEPTIVE PRACTICE,THEFT OF LOST/MISLAID PROP,TRUE,1113
ASSAULT,SIMPLE,FALSE,1524
BATTERY,DOMESTIC BATTERY SIMPLE,FALSE,512
BURGLARY,FORCIBLE ENTRY,FALSE,813
THEFT,RETAIL THEFT,FALSE,1922
THEFT,OVER $500,FALSE,133
BATTERY,SIMPLE,FALSE,1821
THEFT,FROM BUILDING,FALSE,511
CRIMINAL DAMAGE,TO VEHICLE,FALSE,823
CRIMINAL DAMAGE,TO VEHICLE,FALSE,2223
DECEPTIVE PRACTICE,COUNTERFEITING DOCUMENT,FALSE,131
THEFT,$500 AND UNDER,FALSE,1212
CRIMINAL DAMAGE,TO PROPERTY,FALSE,1733
THEFT,OVER $500,FALSE,614
MOTOR VEHICLE THEFT,AUTOMOBILE,FALSE,831
THEFT,$500 AND UNDER,FALSE,813
THEFT,OVER $500,FALSE,1935
ROBBERY,STRONGARM - NO WEAPON,FALSE,1513
BATTERY,DOMESTIC BATTERY SIMPLE,FALSE,1422
THEFT,OVER $500,FALSE,632
BATTERY,DOMESTIC BATTERY SIMPLE,FALSE,1422
ROBBERY,ARMED: HANDGUN,FALSE,1524
THEFT,$500 AND UNDER,FALSE,1011
THEFT,RETAIL THEFT,TRUE,2535
CRIMINAL DAMAGE,TO VEHICLE,FALSE,1225
ASSAULT,SIMPLE,FALSE,314
CRIMINAL DAMAGE,TO VEHICLE,FALSE,112
MOTOR VEHICLE THEFT,AUTOMOBILE,FALSE,1022
BATTERY,DOMESTIC BATTERY SIMPLE,FALSE,2523
THEFT,RETAIL THEFT,FALSE,122
BATTERY,SIMPLE,FALSE,611
BATTERY,DOMESTIC BATTERY SIMPLE,FALSE,2213
THEFT,RETAIL THEFT,TRUE,912
THEFT,$500 AND UNDER,TRUE,2521
CRIMINAL DAMAGE,TO VEHICLE,FALSE,1712
CRIMINAL DAMAGE,TO PROPERTY,FALSE,811
BATTERY,SIMPLE,FALSE,1014
ASSAULT,SIMPLE,FALSE,2222
THEFT,FROM BUILDING,FALSE,1834
THEFT,OVER $500,FALSE,632
THEFT,$500 AND UNDER,FALSE,714
THEFT,$500 AND UNDER,FALSE,133
ASSAULT,SIMPLE,FALSE,523
CRIMINAL DAMAGE,TO PROPERTY,FALSE,815
THEFT,$500 AND UNDER,FALSE,1913
ROBBERY,ARMED: HANDGUN,TRUE,1433
CRIMINAL DAMAGE,CRIMINAL DEFACEMENT,FALSE,815
BATTERY,DOMESTIC BATTERY SIMPLE,FALSE,312
THEFT,$500 AND UNDER,FALSE,212
CRIMINAL DAMAGE,TO PROPERTY,FALSE,622
NARCOTICS,POSS: HEROIN(BRN/TAN),TRUE,311
BATTERY,AGGRAVATED:KNIFE/CUTTING INSTR,FALSE,1134
MOTOR VEHICLE THEFT,AUTOMOBILE,FALSE,1034
ASSAULT,SIMPLE,FALSE,1614
DECEPTIVE PRACTICE,FRAUD OR CONFIDENCE GAME,FALSE,133
THEFT,RETAIL THEFT,TRUE,513
NARCOTICS,POSS: CANNABIS 30GMS OR LESS,TRUE,1032
MOTOR VEHICLE THEFT,AUTOMOBILE,FALSE,1032
MOTOR VEHICLE THEFT,AUTOMOBILE,FALSE,915
MOTOR VEHICLE THEFT,AUTOMOBILE,FALSE,1211
DECEPTIVE PRACTICE,THEFT OF LABOR/SERVICES,FALSE,914
MOTOR VEHICLE THEFT,AUTOMOBILE,FALSE,1031
CRIMINAL DAMAGE,TO VEHICLE,FALSE,835
THEFT,$500 AND UNDER,FALSE,324
BATTERY,DOMESTIC BATTERY SIMPLE,FALSE,312
THEFT,OVER $500,FALSE,132
CRIMINAL DAMAGE,TO VEHICLE,FALSE,524
CRIMINAL DAMAGE,TO VEHICLE,FALSE,912
OTHER OFFENSE,TELEPHONE THREAT,FALSE,913
BATTERY,DOMESTIC BATTERY SIMPLE,FALSE,532
BURGLARY,UNLAWFUL ENTRY,FALSE,1214
THEFT,RETAIL THEFT,FALSE,825
BURGLARY,FORCIBLE ENTRY,FALSE,2221
BATTERY,SIMPLE,FALSE,511
THEFT,$500 AND UNDER,FALSE,413
MOTOR VEHICLE THEFT,AUTOMOBILE,FALSE,1031
THEFT,$500 AND UNDER,FALSE,731
THEFT,FROM BUILDING,FALSE,732
OTHER OFFENSE,TELEPHONE THREAT,FALSE,1524
OTHER OFFENSE,OTHER VEHICLE OFFENSE,FALSE,734
ASSAULT,SIMPLE,FALSE,421
CRIMINAL DAMAGE,TO PROPERTY,FALSE,213
BURGLARY,FORCIBLE ENTRY,FALSE,713
OTHER OFFENSE,HARASSMENT BY TELEPHONE,FALSE,1413
ASSAULT,AGGRAVATED: HANDGUN,FALSE,815
CRIMINAL DAMAGE,TO PROPERTY,FALSE,2031
DECEPTIVE PRACTICE,AGGRAVATED FINANCIAL IDENTITY THEFT,FALSE,932
CRIMINAL DAMAGE,TO PROPERTY,FALSE,811
OTHER OFFENSE,TELEPHONE THREAT,FALSE,2221
MOTOR VEHICLE THEFT,AUTOMOBILE,FALSE,911
THEFT,RETAIL THEFT,FALSE,112
THEFT,$500 AND UNDER,FALSE,2411
DECEPTIVE PRACTICE,COUNTERFEITING DOCUMENT,FALSE,524
ROBBERY,AGGRAVATED,FALSE,422
BURGLARY,FORCIBLE ENTRY,FALSE,922
CRIMINAL DAMAGE,TO VEHICLE,FALSE,1223
CRIMINAL DAMAGE,TO PROPERTY,FALSE,421
OTHER OFFENSE,OTHER VEHICLE OFFENSE,TRUE,2213
THEFT,RETAIL THEFT,TRUE,513
THEFT,$500 AND UNDER,FALSE,1414
THEFT,FROM BUILDING,FALSE,123
THEFT,OVER $500,FALSE,1212
ASSAULT,SIMPLE,FALSE,522
KIDNAPPING,AGGRAVATED,FALSE,2011
CRIMINAL DAMAGE,TO PROPERTY,FALSE,2024
MOTOR VEHICLE THEFT,AUTOMOBILE,FALSE,2535
THEFT,OVER $500,FALSE,111
BATTERY,SIMPLE,FALSE,312
NARCOTICS,POSS: HEROIN(WHITE),TRUE,1114
THEFT,RETAIL THEFT,FALSE,933
NARCOTICS,POSS: HEROIN(WHITE),TRUE,1531
NARCOTICS,FOUND SUSPECT NARCOTICS,TRUE,1112
ASSAULT,AGGRAVATED: HANDGUN,FALSE,434
BATTERY,DOMESTIC BATTERY SIMPLE,FALSE,1125
BATTERY,SIMPLE,FALSE,2511
BATTERY,DOMESTIC BATTERY SIMPLE,TRUE,2431
ASSAULT,SIMPLE,FALSE,913
THEFT,RETAIL THEFT,TRUE,112
ROBBERY,STRONGARM - NO WEAPON,FALSE,1513
THEFT,FROM BUILDING,FALSE,913
NARCOTICS,MANU/DELIVER: HEROIN (WHITE),TRUE,932
BATTERY,DOMESTIC BATTERY SIMPLE,FALSE,1424
CRIMINAL DAMAGE,TO VEHICLE,FALSE,431
BURGLARY,FORCIBLE ENTRY,FALSE,231
CRIMINAL DAMAGE,TO PROPERTY,FALSE,1111
CRIMINAL DAMAGE,TO PROPERTY,FALSE,314
CRIMINAL DAMAGE,TO VEHICLE,FALSE,624
MOTOR VEHICLE THEFT,AUTOMOBILE,FALSE,132
ASSAULT,SIMPLE,FALSE,421
OTHER OFFENSE,TELEPHONE THREAT,FALSE,331
BATTERY,DOMESTIC BATTERY SIMPLE,FALSE,1213
ROBBERY,STRONGARM - NO WEAPON,FALSE,112
DECEPTIVE PRACTICE,BOGUS CHECK,FALSE,2232
ASSAULT,SIMPLE,FALSE,2031
MOTOR VEHICLE THEFT,AUTOMOBILE,FALSE,524
NARCOTICS,POSS: HEROIN(WHITE),TRUE,1132
DECEPTIVE PRACTICE,THEFT OF LABOR/SERVICES,FALSE,935
THEFT,POCKET-PICKING,FALSE,1724
OTHER OFFENSE,PAROLE VIOLATION,TRUE,2532
CRIMINAL DAMAGE,TO PROPERTY,FALSE,631
ROBBERY,ARMED: HANDGUN,FALSE,1033
NARCOTICS,POSSESSION OF DRUG EQUIPMENT,TRUE,815
THEFT,RETAIL THEFT,FALSE,111
BURGLARY,UNLAWFUL ENTRY,FALSE,825
OTHER OFFENSE,PAROLE VIOLATION,TRUE,512
BATTERY,DOMESTIC BATTERY SIMPLE,FALSE,1125
THEFT,OVER $500,FALSE,2023
THEFT,RETAIL THEFT,TRUE,1822
THEFT,RETAIL THEFT,FALSE,622
THEFT,FROM BUILDING,FALSE,1834
THEFT,OVER $500,FALSE,1421
CRIMINAL TRESPASS,TO LAND,TRUE,332
BATTERY,AGGRAVATED: HANDGUN,FALSE,832
WEAPONS VIOLATION,UNLAWFUL POSS OF HANDGUN,FALSE,832
THEFT,RETAIL THEFT,FALSE,924
MOTOR VEHICLE THEFT,AUTOMOBILE,FALSE,1134
CRIMINAL DAMAGE,TO PROPERTY,FALSE,1522
NARCOTICS,POSS: HEROIN(WHITE),TRUE,1121
MOTOR VEHICLE THEFT,AUTOMOBILE,FALSE,215
BATTERY,SIMPLE,FALSE,1533
OTHER OFFENSE,VIOLATE ORDER OF PROTECTION,FALSE,1914
BURGLARY,FORCIBLE ENTRY,FALSE,822
WEAPONS VIOLATION,UNLAWFUL POSS OF HANDGUN,TRUE,1512
CRIMINAL DAMAGE,TO PROPERTY,TRUE,511
CRIMINAL TRESPASS,TO LAND,TRUE,122
BATTERY,DOMESTIC BATTERY SIMPLE,FALSE,915
THEFT,RETAIL THEFT,FALSE,131
MOTOR VEHICLE THEFT,AUTOMOBILE,FALSE,2413
THEFT,RETAIL THEFT,FALSE,523
OTHER OFFENSE,TELEPHONE THREAT,FALSE,2233
NARCOTICS,POSS: CANNABIS 30GMS OR LESS,TRUE,1112
BURGLARY,UNLAWFUL ENTRY,FALSE,2223
BATTERY,AGGRAVATED: HANDGUN,FALSE,1012
THEFT,FROM BUILDING,FALSE,1832
BATTERY,DOMESTIC BATTERY SIMPLE,FALSE,2234
BURGLARY,FORCIBLE ENTRY,FALSE,925
ARSON,BY FIRE,FALSE,831
KIDNAPPING,UNLAWFUL RESTRAINT,FALSE,512
THEFT,$500 AND UNDER,FALSE,511
THEFT,FROM BUILDING,FALSE,711
NARCOTICS,POSS: CRACK,TRUE,532
BATTERY,SIMPLE,FALSE,2413
CRIMINAL DAMAGE,TO VEHICLE,FALSE,322
DECEPTIVE PRACTICE,ATTEMPT - FINANCIAL IDENTITY THEFT,FALSE,1623
THEFT,$500 AND UNDER,TRUE,612
BATTERY,SIMPLE,FALSE,2012
THEFT,$500 AND UNDER,FALSE,111
BATTERY,DOMESTIC BATTERY SIMPLE,FALSE,1724
ASSAULT,SIMPLE,FALSE,1711
THEFT,RETAIL THEFT,TRUE,2422
NARCOTICS,POSS: HEROIN(WHITE),TRUE,1011
ASSAULT,SIMPLE,FALSE,1232
THEFT,RETAIL THEFT,TRUE,225
BATTERY,DOMESTIC BATTERY SIMPLE,FALSE,333
OTHER OFFENSE,PAROLE VIOLATION,TRUE,2533
BATTERY,DOMESTIC BATTERY SIMPLE,FALSE,1014
OTHER OFFENSE,PAROLE VIOLATION,TRUE,2535
BATTERY,SIMPLE,FALSE,2423
CRIMINAL DAMAGE,TO VEHICLE,FALSE,2413
CRIMINAL DAMAGE,TO PROPERTY,FALSE,424
DECEPTIVE PRACTICE,FINANCIAL IDENTITY THEFT OVER $ 300,FALSE,1934
THEFT,RETAIL THEFT,TRUE,1822
MOTOR VEHICLE THEFT,AUTOMOBILE,FALSE,1132
CRIMINAL DAMAGE,TO VEHICLE,FALSE,611
MOTOR VEHICLE THEFT,AUTOMOBILE,FALSE,1225
OTHER OFFENSE,TELEPHONE THREAT,FALSE,311
OTHER OFFENSE,LICENSE VIOLATION,TRUE,1533
NARCOTICS,POSS: CANNABIS 30GMS OR LESS,TRUE,1112
THEFT,RETAIL THEFT,FALSE,1232
ROBBERY,ARMED: OTHER DANGEROUS WEAPON,FALSE,1422
OTHER OFFENSE,TELEPHONE THREAT,FALSE,1531
THEFT,$500 AND UNDER,FALSE,1031
THEFT,OVER $500,FALSE,2012
OTHER OFFENSE,TELEPHONE THREAT,FALSE,1114
THEFT,FROM BUILDING,FALSE,2211
MOTOR VEHICLE THEFT,AUTOMOBILE,FALSE,215
MOTOR VEHICLE THEFT,AUTOMOBILE,FALSE,923
THEFT,RETAIL THEFT,TRUE,513
PUBLIC PEACE VIOLATION,OTHER VIOLATION,FALSE,1624
ROBBERY,VEHICULAR HIJACKING,FALSE,311
NARCOTICS,POSS: CANNABIS 30GMS OR LESS,TRUE,1115
BATTERY,DOMESTIC BATTERY SIMPLE,TRUE,323
MOTOR VEHICLE THEFT,AUTOMOBILE,FALSE,1121
BATTERY,DOMESTIC BATTERY SIMPLE,FALSE,323
OTHER OFFENSE,HARASSMENT BY ELECTRONIC MEANS,FALSE,211
CRIMINAL DAMAGE,TO PROPERTY,FALSE,1613
DECEPTIVE PRACTICE,FRAUD OR CONFIDENCE GAME,FALSE,1731
DECEPTIVE PRACTICE,FRAUD OR CONFIDENCE GAME,FALSE,2234
OTHER OFFENSE,FALSE/STOLEN/ALTERED TRP,FALSE,2533
BATTERY,SIMPLE,FALSE,1234
THEFT,$500 AND UNDER,FALSE,833
CRIMINAL TRESPASS,TO LAND,FALSE,1421
DECEPTIVE PRACTICE,COUNTERFEIT CHECK,FALSE,1723
THEFT,FROM BUILDING,FALSE,1213
MOTOR VEHICLE THEFT,AUTOMOBILE,FALSE,413
ROBBERY,STRONGARM - NO WEAPON,FALSE,123
CRIMINAL TRESPASS,TO RESIDENCE,FALSE,612
OTHER OFFENSE,HARASSMENT BY TELEPHONE,FALSE,1912
ASSAULT,SIMPLE,TRUE,513
MOTOR VEHICLE THEFT,AUTOMOBILE,FALSE,213
ASSAULT,AGGRAVATED: HANDGUN,FALSE,735
PUBLIC PEACE VIOLATION,PUBLIC DEMONSTRATION,TRUE,122
OTHER OFFENSE,TELEPHONE THREAT,FALSE,725
CRIMINAL DAMAGE,TO VEHICLE,FALSE,1733
BURGLARY,ATTEMPT FORCIBLE ENTRY,FALSE,421
CRIMINAL DAMAGE,TO PROPERTY,FALSE,1121
THEFT,$500 AND UNDER,FALSE,323
DECEPTIVE PRACTICE,FINANCIAL IDENTITY THEFT OVER $ 300,FALSE,1012
CRIMINAL DAMAGE,TO PROPERTY,FALSE,922
MOTOR VEHICLE THEFT,AUTOMOBILE,FALSE,1614
OFFENSE INVOLVING CHILDREN,CHILD ABUSE,FALSE,812
MOTOR VEHICLE THEFT,AUTOMOBILE,FALSE,833
NARCOTICS,MANU/DEL:CANNABIS 10GM OR LESS,TRUE,1533
DECEPTIVE PRACTICE,COUNTERFEIT CHECK,FALSE,2222
DECEPTIVE PRACTICE,CREDIT CARD FRAUD,FALSE,731
MOTOR VEHICLE THEFT,AUTOMOBILE,FALSE,725
BATTERY,DOMESTIC BATTERY SIMPLE,FALSE,723
ROBBERY,STRONGARM - NO WEAPON,FALSE,1022
THEFT,RETAIL THEFT,TRUE,1913
OTHER OFFENSE,HARASSMENT BY TELEPHONE,FALSE,822
OTHER OFFENSE,HARASSMENT BY TELEPHONE,FALSE,2223
CRIMINAL DAMAGE,TO PROPERTY,FALSE,2515
OFFENSE INVOLVING CHILDREN,CHILD ABUSE,FALSE,913
BURGLARY,ATTEMPT FORCIBLE ENTRY,FALSE,2514
MOTOR VEHICLE THEFT,AUTOMOBILE,FALSE,1014
DECEPTIVE PRACTICE,FRAUD OR CONFIDENCE GAME,FALSE,121
BATTERY,SIMPLE,FALSE,1121
MOTOR VEHICLE THEFT,AUTOMOBILE,FALSE,413
BATTERY,DOMESTIC BATTERY SIMPLE,FALSE,1914
MOTOR VEHICLE THEFT,AUTOMOBILE,FALSE,833
BURGLARY,FORCIBLE ENTRY,FALSE,1913
THEFT,$500 AND UNDER,FALSE,1624
BURGLARY,FORCIBLE ENTRY,FALSE,1632
THEFT,OVER $500,FALSE,2222
MOTOR VEHICLE THEFT,AUTOMOBILE,FALSE,925
MOTOR VEHICLE THEFT,AUTOMOBILE,FALSE,632
DECEPTIVE PRACTICE,COMPUTER FRAUD,FALSE,2514
THEFT,$500 AND UNDER,FALSE,1533
ROBBERY,ARMED:KNIFE/CUTTING INSTRUMENT,FALSE,1814
ROBBERY,STRONGARM - NO WEAPON,FALSE,731
BATTERY,DOMESTIC BATTERY SIMPLE,FALSE,935
DECEPTIVE PRACTICE,ILLEGAL USE CASH CARD,FALSE,333
ROBBERY,AGGRAVATED VEHICULAR HIJACKING,FALSE,1413
THEFT,$500 AND UNDER,FALSE,212
BATTERY,SIMPLE,FALSE,1834
ASSAULT,AGGRAVATED: HANDGUN,FALSE,821
OTHER OFFENSE,HARASSMENT BY TELEPHONE,FALSE,2031
BATTERY,SIMPLE,FALSE,1921
CRIMINAL DAMAGE,TO VEHICLE,FALSE,332
ROBBERY,STRONGARM - NO WEAPON,FALSE,2033
MOTOR VEHICLE THEFT,AUTOMOBILE,FALSE,214
DECEPTIVE PRACTICE,CREDIT CARD FRAUD,FALSE,1533
CRIMINAL DAMAGE,TO VEHICLE,FALSE,823
BATTERY,AGGRAVATED DOMESTIC BATTERY: KNIFE/CUTTING INST,FALSE,1424
BURGLARY,FORCIBLE ENTRY,FALSE,421
CRIMINAL DAMAGE,TO PROPERTY,FALSE,1612
BATTERY,SIMPLE,FALSE,1612
BATTERY,SIMPLE,FALSE,1914
THEFT,OVER $500,FALSE,2223
BATTERY,SIMPLE,FALSE,1824
MOTOR VEHICLE THEFT,AUTOMOBILE,FALSE,2012
CRIMINAL DAMAGE,TO PROPERTY,FALSE,1824
BATTERY,AGGRAVATED DOMESTIC BATTERY: KNIFE/CUTTING INST,FALSE,934
ROBBERY,STRONGARM - NO WEAPON,FALSE,724
CRIMINAL DAMAGE,TO PROPERTY,FALSE,912
BATTERY,SIMPLE,FALSE,2213
ROBBERY,ATTEMPT: STRONGARM-NO WEAPON,FALSE,613
CRIMINAL DAMAGE,CRIMINAL DEFACEMENT,FALSE,1713
CRIMINAL DAMAGE,TO PROPERTY,FALSE,1824
MOTOR VEHICLE THEFT,AUTOMOBILE,FALSE,724
MOTOR VEHICLE THEFT,AUTOMOBILE,FALSE,1121
CRIMINAL TRESPASS,TO LAND,FALSE,833
CRIMINAL DAMAGE,TO VEHICLE,FALSE,1115
BATTERY,DOMESTIC BATTERY SIMPLE,FALSE,1131
THEFT,OVER $500,FALSE,824
THEFT,RETAIL THEFT,FALSE,113
ROBBERY,ARMED: HANDGUN,FALSE,714
OTHER OFFENSE,HARASSMENT BY ELECTRONIC MEANS,FALSE,1413
CRIMINAL DAMAGE,TO VEHICLE,FALSE,1031
BATTERY,DOMESTIC BATTERY SIMPLE,FALSE,732
CRIMINAL TRESPASS,TO LAND,TRUE,1811
CRIMINAL DAMAGE,TO PROPERTY,FALSE,2233
ASSAULT,SIMPLE,FALSE,2233
ROBBERY,STRONGARM - NO WEAPON,FALSE,734
BATTERY,DOMESTIC BATTERY SIMPLE,TRUE,1122
OTHER OFFENSE,HARASSMENT BY ELECTRONIC MEANS,FALSE,831
CRIMINAL DAMAGE,TO VEHICLE,FALSE,1733
ROBBERY,STRONGARM - NO WEAPON,FALSE,2211
BATTERY,DOMESTIC BATTERY SIMPLE,FALSE,1623
BATTERY,SIMPLE,TRUE,2432
CRIMINAL TRESPASS,TO LAND,FALSE,131
DECEPTIVE PRACTICE,FINANCIAL IDENTITY THEFT $300 AND UNDER,FALSE,831
THEFT,OVER $500,FALSE,2431
THEFT,$500 AND UNDER,FALSE,211
THEFT,$500 AND UNDER,FALSE,131
CRIMINAL DAMAGE,TO VEHICLE,FALSE,1733
OTHER OFFENSE,VIOLATE ORDER OF PROTECTION,FALSE,413
CRIMINAL DAMAGE,TO VEHICLE,FALSE,1215
OTHER OFFENSE,VIOLATE ORDER OF PROTECTION,FALSE,2511
SEX OFFENSE,ATT CRIM SEXUAL ABUSE,FALSE,2515
MOTOR VEHICLE THEFT,AUTOMOBILE,FALSE,214
CRIMINAL DAMAGE,TO VEHICLE,FALSE,421
BATTERY,AGGRAVATED: OTHER DANG WEAPON,TRUE,725
ROBBERY,ARMED: HANDGUN,FALSE,711
ARSON,BY FIRE,FALSE,421
CRIMINAL DAMAGE,TO PROPERTY,FALSE,1732
CRIMINAL DAMAGE,TO VEHICLE,FALSE,212
THEFT,$500 AND UNDER,FALSE,2212
MOTOR VEHICLE THEFT,AUTOMOBILE,FALSE,423
THEFT,OVER $500,FALSE,925
BURGLARY,FORCIBLE ENTRY,FALSE,1822
BATTERY,SIMPLE,TRUE,2232
THEFT,OVER $500,FALSE,1831
THEFT,POCKET-PICKING,FALSE,2431
NARCOTICS,POSS: HEROIN(WHITE),TRUE,323
NARCOTICS,POSS: BARBITUATES,TRUE,923
OFFENSE INVOLVING CHILDREN,ENDANGERING LIFE/HEALTH CHILD,TRUE,1013
MOTOR VEHICLE THEFT,AUTOMOBILE,FALSE,712
ASSAULT,SIMPLE,FALSE,2031
THEFT,RETAIL THEFT,FALSE,1232
THEFT,$500 AND UNDER,FALSE,1911
BATTERY,DOMESTIC BATTERY SIMPLE,FALSE,1112
CRIMINAL TRESPASS,TO LAND,TRUE,1935
THEFT,FROM BUILDING,FALSE,1812
THEFT,OVER $500,FALSE,2522
BATTERY,DOMESTIC BATTERY SIMPLE,TRUE,1135
BATTERY,AGGRAVATED DOMESTIC BATTERY: OTHER DANG WEAPON,FALSE,321
NARCOTICS,POSS: HEROIN(WHITE),TRUE,1132
BATTERY,SIMPLE,FALSE,113
BATTERY,DOMESTIC BATTERY SIMPLE,FALSE,1011
CRIMINAL DAMAGE,TO PROPERTY,FALSE,1111
BURGLARY,FORCIBLE ENTRY,FALSE,414
CRIMINAL DAMAGE,TO VEHICLE,FALSE,1221
OTHER OFFENSE,TELEPHONE THREAT,FALSE,1115
CRIMINAL DAMAGE,TO VEHICLE,FALSE,522
BATTERY,AGGRAVATED: HANDGUN,FALSE,522
THEFT,OVER $500,FALSE,334
BURGLARY,UNLAWFUL ENTRY,FALSE,1622
THEFT,OVER $500,FALSE,1724
BATTERY,DOMESTIC BATTERY SIMPLE,FALSE,1133
CRIMINAL DAMAGE,TO PROPERTY,FALSE,1234
BATTERY,DOMESTIC BATTERY SIMPLE,TRUE,1412
BATTERY,DOMESTIC BATTERY SIMPLE,FALSE,1011
CRIMINAL DAMAGE,TO PROPERTY,FALSE,1932
WEAPONS VIOLATION,UNLAWFUL POSS OF HANDGUN,FALSE,1121
ASSAULT,AGGRAVATED: HANDGUN,TRUE,633
OTHER OFFENSE,HARASSMENT BY ELECTRONIC MEANS,FALSE,921
THEFT,$500 AND UNDER,FALSE,823
BATTERY,DOMESTIC BATTERY SIMPLE,FALSE,2514
BATTERY,AGGRAVATED DOMESTIC BATTERY: HANDS/FIST/FEET SERIOUS INJURY,FALSE,724
OTHER OFFENSE,HARASSMENT BY ELECTRONIC MEANS,FALSE,1431
BATTERY,DOMESTIC BATTERY SIMPLE,FALSE,821
THEFT,OVER $500,FALSE,2512
MOTOR VEHICLE THEFT,AUTOMOBILE,FALSE,1112
BATTERY,DOMESTIC BATTERY SIMPLE,FALSE,714
BATTERY,DOMESTIC BATTERY SIMPLE,FALSE,1224
MOTOR VEHICLE THEFT,AUTOMOBILE,FALSE,811
THEFT,$500 AND UNDER,FALSE,1432
BATTERY,DOMESTIC BATTERY SIMPLE,FALSE,1013
CRIMINAL DAMAGE,CRIMINAL DEFACEMENT,FALSE,1621
BURGLARY,UNLAWFUL ENTRY,FALSE,1621
BATTERY,AGG PRO.EMP: OTHER DANG WEAPON,FALSE,734
LIQUOR LAW VIOLATION,ILLEGAL CONSUMPTION BY MINOR,TRUE,831
THEFT,OVER $500,FALSE,2512
ROBBERY,ARMED: HANDGUN,FALSE,1223
OTHER OFFENSE,TELEPHONE THREAT,FALSE,1131
BATTERY,DOMESTIC BATTERY SIMPLE,TRUE,833
ROBBERY,ARMED: HANDGUN,FALSE,214
CRIMINAL DAMAGE,TO PROPERTY,FALSE,923
DECEPTIVE PRACTICE,FINANCIAL IDENTITY THEFT $300 AND UNDER,FALSE,1831
CRIMINAL DAMAGE,TO PROPERTY,FALSE,2033
OTHER OFFENSE,HARASSMENT BY ELECTRONIC MEANS,FALSE,924
OTHER OFFENSE,HARASSMENT BY ELECTRONIC MEANS,FALSE,915
NARCOTICS,POSS: HEROIN(WHITE),TRUE,724
THEFT,FROM BUILDING,FALSE,1831
OTHER OFFENSE,VIOLATE ORDER OF PROTECTION,TRUE,1411
NARCOTICS,POSS: CANNABIS 30GMS OR LESS,TRUE,424
BATTERY,SIMPLE,TRUE,1135
OTHER OFFENSE,HARASSMENT BY TELEPHONE,FALSE,631
THEFT,OVER $500,FALSE,1811
CRIMINAL DAMAGE,TO VEHICLE,FALSE,822
BURGLARY,FORCIBLE ENTRY,FALSE,1633
CRIMINAL DAMAGE,TO VEHICLE,FALSE,915
OTHER OFFENSE,OTHER VEHICLE OFFENSE,FALSE,2213
BATTERY,DOMESTIC BATTERY SIMPLE,FALSE,913
ROBBERY,ARMED:KNIFE/CUTTING INSTRUMENT,FALSE,2514
ARSON,BY FIRE,FALSE,1034
OTHER OFFENSE,PAROLE VIOLATION,TRUE,2531
THEFT,$500 AND UNDER,FALSE,313
NARCOTICS,POSS: CANNABIS 30GMS OR LESS,TRUE,414
BATTERY,DOMESTIC BATTERY SIMPLE,FALSE,421
NARCOTICS,POSS: CANNABIS 30GMS OR LESS,TRUE,725
ASSAULT,SIMPLE,FALSE,234
BATTERY,SIMPLE,FALSE,822
ASSAULT,SIMPLE,FALSE,431
WEAPONS VIOLATION,UNLAWFUL POSS OF HANDGUN,TRUE,321
CRIMINAL TRESPASS,TO LAND,TRUE,1632
ROBBERY,ARMED: HANDGUN,FALSE,632
THEFT,OVER $500,FALSE,1831
OFFENSE INVOLVING CHILDREN,OTHER OFFENSE,FALSE,214
BATTERY,SIMPLE,FALSE,1111
ROBBERY,ARMED: HANDGUN,FALSE,222
BATTERY,SIMPLE,FALSE,2221
BATTERY,DOMESTIC BATTERY SIMPLE,TRUE,214
BATTERY,DOMESTIC BATTERY SIMPLE,TRUE,1434
BATTERY,SIMPLE,FALSE,2422
OTHER OFFENSE,VIOLATION OF SMOKING BAN,TRUE,825
OFFENSE INVOLVING CHILDREN,CHILD ABUSE,FALSE,1032
THEFT,$500 AND UNDER,FALSE,621
CRIMINAL DAMAGE,TO PROPERTY,FALSE,621
OTHER OFFENSE,TELEPHONE THREAT,FALSE,813
DECEPTIVE PRACTICE,COUNTERFEITING DOCUMENT,FALSE,522
BURGLARY,FORCIBLE ENTRY,FALSE,531
ROBBERY,ARMED:KNIFE/CUTTING INSTRUMENT,FALSE,512
BATTERY,DOMESTIC BATTERY SIMPLE,TRUE,2534
HOMICIDE,FIRST DEGREE MURDER,FALSE,2534
CRIMINAL DAMAGE,TO VEHICLE,FALSE,1723
THEFT,$500 AND UNDER,TRUE,131
BATTERY,DOMESTIC BATTERY SIMPLE,TRUE,1531
BATTERY,AGGRAVATED DOMESTIC BATTERY: KNIFE/CUTTING INST,TRUE,1931
DECEPTIVE PRACTICE,CREDIT CARD FRAUD,FALSE,1933
ROBBERY,STRONGARM - NO WEAPON,FALSE,1933
NARCOTICS,POSS: CANNABIS 30GMS OR LESS,TRUE,634
CRIMINAL DAMAGE,TO VEHICLE,FALSE,1712
BATTERY,AGGRAVATED DOMESTIC BATTERY: HANDS/FIST/FEET SERIOUS INJURY,FALSE,523
MOTOR VEHICLE THEFT,AUTOMOBILE,FALSE,1622
THEFT,$500 AND UNDER,FALSE,824
BATTERY,DOMESTIC BATTERY SIMPLE,FALSE,2521
CRIMINAL DAMAGE,TO PROPERTY,FALSE,533
CRIMINAL DAMAGE,TO PROPERTY,FALSE,1132
ASSAULT,SIMPLE,FALSE,513
NARCOTICS,MANU/DELIVER:SYNTHETIC DRUGS,TRUE,1115
ASSAULT,SIMPLE,FALSE,612
BATTERY,AGG PO HANDS NO/MIN INJURY,TRUE,413
ROBBERY,ARMED: HANDGUN,FALSE,623
MOTOR VEHICLE THEFT,AUTOMOBILE,FALSE,2524
OTHER OFFENSE,OTHER VEHICLE OFFENSE,FALSE,1124
MOTOR VEHICLE THEFT,AUTOMOBILE,FALSE,2011
CRIMINAL DAMAGE,TO PROPERTY,FALSE,1013
THEFT,$500 AND UNDER,FALSE,1214
OFFENSE INVOLVING CHILDREN,CHILD ABUSE,FALSE,1413
OFFENSE INVOLVING CHILDREN,OTHER OFFENSE,FALSE,923
BATTERY,AGGRAVATED: HANDGUN,FALSE,814
OTHER OFFENSE,TELEPHONE THREAT,FALSE,2222
CRIMINAL DAMAGE,TO CITY OF CHICAGO PROPERTY,FALSE,511
ROBBERY,ATTEMPT: STRONGARM-NO WEAPON,FALSE,2023
NARCOTICS,MANU/DELIVER:SYNTHETIC DRUGS,TRUE,1115
NARCOTICS,POSS: HEROIN(WHITE),TRUE,2213
BATTERY,AGGRAVATED DOMESTIC BATTERY: OTHER DANG WEAPON,FALSE,1512
THEFT,OVER $500,FALSE,234
BATTERY,DOMESTIC BATTERY SIMPLE,FALSE,212
DECEPTIVE PRACTICE,FRAUD OR CONFIDENCE GAME,FALSE,112
NARCOTICS,POSSESSION OF DRUG EQUIPMENT,TRUE,434
THEFT,$500 AND UNDER,FALSE,113
THEFT,$500 AND UNDER,FALSE,1811
ASSAULT,SIMPLE,FALSE,1034
OFFENSE INVOLVING CHILDREN,AGG SEX ASSLT OF CHILD FAM MBR,FALSE,2523
ASSAULT,SIMPLE,FALSE,332
CRIMINAL DAMAGE,TO VEHICLE,FALSE,1712
NARCOTICS,POSS: HEROIN(WHITE),TRUE,1511
ROBBERY,ARMED: HANDGUN,FALSE,735
BURGLARY,FORCIBLE ENTRY,FALSE,824
CRIMINAL DAMAGE,TO VEHICLE,FALSE,1712
CRIMINAL DAMAGE,TO PROPERTY,FALSE,1833
BATTERY,DOMESTIC BATTERY SIMPLE,FALSE,715
THEFT,OVER $500,FALSE,2511
THEFT,OVER $500,FALSE,1224
ASSAULT,SIMPLE,FALSE,611
THEFT,ATTEMPT THEFT,FALSE,1832
DECEPTIVE PRACTICE,CREDIT CARD FRAUD,FALSE,112
BATTERY,DOMESTIC BATTERY SIMPLE,FALSE,324
BURGLARY,FORCIBLE ENTRY,FALSE,221
DECEPTIVE PRACTICE,CREDIT CARD FRAUD,FALSE,1723
OTHER OFFENSE,VEHICLE TITLE/REG OFFENSE,TRUE,414
OTHER OFFENSE,TELEPHONE THREAT,FALSE,421
MOTOR VEHICLE THEFT,AUTOMOBILE,FALSE,833
BATTERY,DOMESTIC BATTERY SIMPLE,FALSE,831
OTHER OFFENSE,HARASSMENT BY ELECTRONIC MEANS,FALSE,1113
NARCOTICS,POSS: HEROIN(WHITE),TRUE,1131
THEFT,RETAIL THEFT,TRUE,412
ASSAULT,SIMPLE,FALSE,2424
BATTERY,DOMESTIC BATTERY SIMPLE,FALSE,1523
THEFT,$500 AND UNDER,FALSE,323
BATTERY,DOMESTIC BATTERY SIMPLE,FALSE,314
MOTOR VEHICLE THEFT,AUTOMOBILE,FALSE,1212
THEFT,$500 AND UNDER,FALSE,2511
DECEPTIVE PRACTICE,COUNTERFEITING DOCUMENT,FALSE,915
BATTERY,DOMESTIC BATTERY SIMPLE,FALSE,524
CRIMINAL DAMAGE,TO VEHICLE,FALSE,1733
INTIMIDATION,INTIMIDATION,FALSE,833
CRIMINAL DAMAGE,TO PROPERTY,FALSE,1221
BATTERY,DOMESTIC BATTERY SIMPLE,FALSE,1531
BATTERY,PRO EMP HANDS NO/MIN INJURY,FALSE,1923
MOTOR VEHICLE THEFT,AUTOMOBILE,FALSE,1135
OFFENSE INVOLVING CHILDREN,AGG SEX ASSLT OF CHILD FAM MBR,FALSE,633
THEFT,FROM BUILDING,FALSE,332
DECEPTIVE PRACTICE,COUNTERFEITING DOCUMENT,FALSE,131
OTHER OFFENSE,HARASSMENT BY TELEPHONE,FALSE,2514
BATTERY,DOMESTIC BATTERY SIMPLE,FALSE,331
CRIMINAL DAMAGE,TO PROPERTY,FALSE,523
CRIMINAL DAMAGE,TO VEHICLE,FALSE,723
MOTOR VEHICLE THEFT,AUTOMOBILE,FALSE,223
THEFT,$500 AND UNDER,FALSE,2512
BURGLARY,FORCIBLE ENTRY,FALSE,231
CRIMINAL DAMAGE,TO VEHICLE,FALSE,812
THEFT,FROM BUILDING,FALSE,1651
THEFT,RETAIL THEFT,TRUE,112
ASSAULT,SIMPLE,FALSE,2533
ROBBERY,ARMED: HANDGUN,FALSE,1723
THEFT,RETAIL THEFT,TRUE,112
BURGLARY,UNLAWFUL ENTRY,FALSE,1411
MOTOR VEHICLE THEFT,AUTOMOBILE,FALSE,532
THEFT,$500 AND UNDER,FALSE,1633
THEFT,$500 AND UNDER,FALSE,1923
CRIMINAL DAMAGE,TO PROPERTY,FALSE,423
BATTERY,AGGRAVATED:KNIFE/CUTTING INSTR,FALSE,1122
MOTOR VEHICLE THEFT,AUTOMOBILE,FALSE,2024
DECEPTIVE PRACTICE,CREDIT CARD FRAUD,FALSE,122
ROBBERY,ARMED: HANDGUN,FALSE,2232
MOTOR VEHICLE THEFT,AUTOMOBILE,FALSE,231
CRIMINAL DAMAGE,TO VEHICLE,FALSE,832
ROBBERY,ARMED: HANDGUN,FALSE,511
BATTERY,SIMPLE,FALSE,131
THEFT,RETAIL THEFT,FALSE,111
BATTERY,AGGRAVATED DOMESTIC BATTERY: KNIFE/CUTTING INST,FALSE,1125
THEFT,RETAIL THEFT,TRUE,833
BATTERY,SIMPLE,FALSE,1531
BATTERY,DOMESTIC BATTERY SIMPLE,FALSE,232
BATTERY,SIMPLE,TRUE,323
MOTOR VEHICLE THEFT,AUTOMOBILE,FALSE,2422
OTHER OFFENSE,TELEPHONE THREAT,FALSE,221
BATTERY,SIMPLE,FALSE,312
BATTERY,DOMESTIC BATTERY SIMPLE,TRUE,913
OTHER OFFENSE,FALSE/STOLEN/ALTERED TRP,TRUE,735
ASSAULT,AGGRAVATED:KNIFE/CUTTING INSTR,FALSE,1523
OTHER OFFENSE,PAROLE VIOLATION,TRUE,712
BURGLARY,FORCIBLE ENTRY,FALSE,922
BURGLARY,UNLAWFUL ENTRY,FALSE,324
BURGLARY,UNLAWFUL ENTRY,FALSE,932
BATTERY,SIMPLE,FALSE,624
NARCOTICS,FOUND SUSPECT NARCOTICS,TRUE,122
MOTOR VEHICLE THEFT,AUTOMOBILE,FALSE,414
BATTERY,DOMESTIC BATTERY SIMPLE,FALSE,813
BURGLARY,FORCIBLE ENTRY,FALSE,613
DECEPTIVE PRACTICE,FRAUD OR CONFIDENCE GAME,FALSE,915
NARCOTICS,POSS: CANNABIS 30GMS OR LESS,TRUE,912
BATTERY,DOMESTIC BATTERY SIMPLE,TRUE,513
ASSAULT,SIMPLE,FALSE,1031
THEFT,FROM BUILDING,FALSE,2223
BATTERY,DOMESTIC BATTERY SIMPLE,FALSE,424
BATTERY,SIMPLE,FALSE,231
BATTERY,DOMESTIC BATTERY SIMPLE,FALSE,833
THEFT,FROM BUILDING,FALSE,814
BATTERY,DOMESTIC BATTERY SIMPLE,FALSE,724
NARCOTICS,POSS: CANNABIS 30GMS OR LESS,TRUE,1123
ASSAULT,AGG PO HANDS NO/MIN INJURY,TRUE,512
ASSAULT,AGGRAVATED: HANDGUN,TRUE,624
ASSAULT,SIMPLE,FALSE,834
OTHER OFFENSE,HARASSMENT BY TELEPHONE,FALSE,1524
CRIMINAL TRESPASS,TO VEHICLE,FALSE,1935
THEFT,$500 AND UNDER,FALSE,1712
THEFT,$500 AND UNDER,FALSE,422
BATTERY,DOMESTIC BATTERY SIMPLE,FALSE,2234
CRIMINAL TRESPASS,TO LAND,TRUE,912
CRIMINAL DAMAGE,TO VEHICLE,FALSE,833
BURGLARY,FORCIBLE ENTRY,FALSE,1613
ROBBERY,AGGRAVATED,FALSE,2535
BATTERY,DOMESTIC BATTERY SIMPLE,FALSE,1531
BATTERY,DOMESTIC BATTERY SIMPLE,FALSE,824
THEFT,FROM BUILDING,FALSE,1821
BATTERY,AGGRAVATED DOMESTIC BATTERY: KNIFE/CUTTING INST,FALSE,631
THEFT,FROM BUILDING,FALSE,112
CRIMINAL TRESPASS,TO LAND,TRUE,332
MOTOR VEHICLE THEFT,AUTOMOBILE,FALSE,614
THEFT,OVER $500,FALSE,314
NARCOTICS,POSS: HEROIN(BRN/TAN),TRUE,412
OTHER OFFENSE,PAROLE VIOLATION,TRUE,734
BATTERY,DOMESTIC BATTERY SIMPLE,FALSE,1422
BURGLARY,UNLAWFUL ENTRY,FALSE,2515
THEFT,$500 AND UNDER,FALSE,114
BATTERY,DOMESTIC BATTERY SIMPLE,FALSE,722
MOTOR VEHICLE THEFT,AUTOMOBILE,FALSE,1823
THEFT,$500 AND UNDER,FALSE,1214
MOTOR VEHICLE THEFT,AUTOMOBILE,FALSE,332
OTHER OFFENSE,HARASSMENT BY TELEPHONE,FALSE,1922
ASSAULT,AGGRAVATED: OTHER FIREARM,FALSE,1513
CRIMINAL TRESPASS,TO VEHICLE,TRUE,1011
OTHER OFFENSE,VEHICLE TITLE/REG OFFENSE,TRUE,715
BATTERY,SIMPLE,FALSE,712
BATTERY,DOMESTIC BATTERY SIMPLE,FALSE,1112
MOTOR VEHICLE THEFT,AUTOMOBILE,FALSE,2432
THEFT,OVER $500,FALSE,1824
THEFT,$500 AND UNDER,FALSE,924
BATTERY,SIMPLE,FALSE,122
NARCOTICS,POSS: CANNABIS 30GMS OR LESS,TRUE,1134
BATTERY,DOMESTIC BATTERY SIMPLE,FALSE,2531
CRIMINAL DAMAGE,TO VEHICLE,FALSE,1133
OTHER OFFENSE,TELEPHONE THREAT,FALSE,2213
BATTERY,DOMESTIC BATTERY SIMPLE,FALSE,925
CRIMINAL TRESPASS,TO LAND,TRUE,1131
THEFT,$500 AND UNDER,FALSE,1723
CRIMINAL DAMAGE,TO VEHICLE,FALSE,1723
CRIMINAL DAMAGE,TO PROPERTY,FALSE,414
THEFT,RETAIL THEFT,TRUE,111
THEFT,FROM BUILDING,FALSE,111
OFFENSE INVOLVING CHILDREN,CHILD ABUSE,FALSE,1522
BATTERY,SIMPLE,FALSE,1522
THEFT,OVER $500,FALSE,2413
OTHER OFFENSE,HARASSMENT BY TELEPHONE,FALSE,1012
OTHER OFFENSE,ANIMAL ABUSE/NEGLECT,FALSE,522
NARCOTICS,FOUND SUSPECT NARCOTICS,TRUE,1131
LIQUOR LAW VIOLATION,LIQUOR LICENSE VIOLATION,TRUE,2411
MOTOR VEHICLE THEFT,AUTOMOBILE,FALSE,833
BATTERY,DOMESTIC BATTERY SIMPLE,FALSE,223
THEFT,$500 AND UNDER,FALSE,723
BATTERY,DOMESTIC BATTERY SIMPLE,FALSE,1713
BATTERY,DOMESTIC BATTERY SIMPLE,FALSE,311
OTHER OFFENSE,HARASSMENT BY ELECTRONIC MEANS,FALSE,1731
ROBBERY,ARMED: HANDGUN,FALSE,632
PROSTITUTION,SOLICIT ON PUBLIC WAY,TRUE,814
NARCOTICS,POSS: CANNABIS 30GMS OR LESS,TRUE,1533
BATTERY,DOMESTIC BATTERY SIMPLE,FALSE,921
MOTOR VEHICLE THEFT,AUTOMOBILE,FALSE,2413
OTHER OFFENSE,OTHER CRIME AGAINST PERSON,FALSE,411
KIDNAPPING,UNLAWFUL INTERFERE/VISITATION,FALSE,1834
SEX OFFENSE,CRIMINAL SEXUAL ABUSE,FALSE,1511
DECEPTIVE PRACTICE,CREDIT CARD FRAUD,FALSE,1914
THEFT,$500 AND UNDER,TRUE,1112
ASSAULT,AGGRAVATED:KNIFE/CUTTING INSTR,FALSE,1012
CRIMINAL DAMAGE,TO PROPERTY,FALSE,111
MOTOR VEHICLE THEFT,AUTOMOBILE,FALSE,524
BATTERY,DOMESTIC BATTERY SIMPLE,FALSE,1531
BATTERY,DOMESTIC BATTERY SIMPLE,FALSE,1423
THEFT,FROM BUILDING,FALSE,1821
ASSAULT,SIMPLE,FALSE,1222
ASSAULT,SIMPLE,FALSE,2431
DECEPTIVE PRACTICE,THEFT OF LABOR/SERVICES,FALSE,2433
THEFT,$500 AND UNDER,FALSE,1531
CRIMINAL DAMAGE,TO VEHICLE,FALSE,922
CRIMINAL DAMAGE,TO PROPERTY,FALSE,1731
CRIMINAL DAMAGE,TO PROPERTY,FALSE,522
BATTERY,DOMESTIC BATTERY SIMPLE,FALSE,1014
BATTERY,DOMESTIC BATTERY SIMPLE,FALSE,1821
BURGLARY,UNLAWFUL ENTRY,FALSE,321
MOTOR VEHICLE THEFT,AUTOMOBILE,FALSE,2233
MOTOR VEHICLE THEFT,AUTOMOBILE,FALSE,1235
ARSON,BY FIRE,FALSE,1631
BATTERY,DOMESTIC BATTERY SIMPLE,FALSE,1631
CRIMINAL DAMAGE,TO VEHICLE,FALSE,1733
MOTOR VEHICLE THEFT,AUTOMOBILE,FALSE,2232
DECEPTIVE PRACTICE,FINANCIAL IDENTITY THEFT OVER $ 300,FALSE,711
OTHER OFFENSE,TELEPHONE THREAT,FALSE,2412
CRIMINAL DAMAGE,TO VEHICLE,FALSE,824
THEFT,$500 AND UNDER,FALSE,733
OTHER OFFENSE,HARASSMENT BY TELEPHONE,FALSE,1011
OTHER OFFENSE,HARASSMENT BY ELECTRONIC MEANS,FALSE,1722
CRIMINAL DAMAGE,TO VEHICLE,FALSE,1712
CRIMINAL DAMAGE,TO VEHICLE,FALSE,2515
BATTERY,DOMESTIC BATTERY SIMPLE,FALSE,1424
ASSAULT,AGGRAVATED: HANDGUN,FALSE,1631
CRIMINAL DAMAGE,TO VEHICLE,FALSE,2523
CRIMINAL TRESPASS,TO STATE SUP LAND,TRUE,1653
BATTERY,SIMPLE,FALSE,1723
BATTERY,SIMPLE,FALSE,1024
BATTERY,DOMESTIC BATTERY SIMPLE,FALSE,725
ROBBERY,ARMED: HANDGUN,FALSE,1632
MOTOR VEHICLE THEFT,AUTOMOBILE,FALSE,2212
THEFT,$500 AND UNDER,FALSE,831
BATTERY,SIMPLE,FALSE,324
MOTOR VEHICLE THEFT,AUTOMOBILE,FALSE,623
BATTERY,DOMESTIC BATTERY SIMPLE,TRUE,1014
ROBBERY,ARMED: HANDGUN,FALSE,1222
MOTOR VEHICLE THEFT,AUTOMOBILE,FALSE,1014
THEFT,$500 AND UNDER,FALSE,1014
THEFT,OVER $500,FALSE,632
DECEPTIVE PRACTICE,THEFT OF LABOR/SERVICES,FALSE,2524
ROBBERY,ARMED: HANDGUN,FALSE,1412
CRIMINAL DAMAGE,TO PROPERTY,FALSE,1935
DECEPTIVE PRACTICE,CREDIT CARD FRAUD,FALSE,1821
BATTERY,DOMESTIC BATTERY SIMPLE,FALSE,1123
BURGLARY,FORCIBLE ENTRY,FALSE,621
THEFT,RETAIL THEFT,FALSE,1732
BATTERY,AGGRAVATED:KNIFE/CUTTING INSTR,TRUE,612
CRIMINAL DAMAGE,TO PROPERTY,FALSE,1925
BATTERY,AGGRAVATED:KNIFE/CUTTING INSTR,FALSE,1223
CRIMINAL DAMAGE,TO VEHICLE,FALSE,1831
BATTERY,SIMPLE,TRUE,434
BATTERY,AGGRAVATED: HANDGUN,FALSE,1123
THEFT,$500 AND UNDER,FALSE,813
CRIMINAL DAMAGE,TO PROPERTY,FALSE,2234
THEFT,$500 AND UNDER,FALSE,822
BATTERY,SIMPLE,TRUE,1221
DECEPTIVE PRACTICE,THEFT OF LABOR/SERVICES,FALSE,232
THEFT,PURSE-SNATCHING,FALSE,132
BATTERY,DOMESTIC BATTERY SIMPLE,FALSE,1533
DECEPTIVE PRACTICE,ILLEGAL USE CASH CARD,FALSE,821
THEFT,$500 AND UNDER,FALSE,821
ROBBERY,ARMED: OTHER DANGEROUS WEAPON,FALSE,114
ASSAULT,SIMPLE,FALSE,214
BATTERY,SIMPLE,FALSE,2514
BATTERY,DOMESTIC BATTERY SIMPLE,FALSE,432
BATTERY,DOMESTIC BATTERY SIMPLE,FALSE,412
DECEPTIVE PRACTICE,THEFT OF LABOR/SERVICES,TRUE,1414
BATTERY,DOMESTIC BATTERY SIMPLE,FALSE,1024
CRIM SEXUAL ASSAULT,AGGRAVATED: HANDGUN,FALSE,1532
THEFT,$500 AND UNDER,TRUE,2412
WEAPONS VIOLATION,UNLAWFUL POSS OF HANDGUN,FALSE,1233
BATTERY,SIMPLE,TRUE,1214
THEFT,FROM BUILDING,FALSE,1912
CRIMINAL DAMAGE,TO PROPERTY,FALSE,832
THEFT,OVER $500,FALSE,411
CRIMINAL DAMAGE,TO VEHICLE,FALSE,1433
BATTERY,SIMPLE,FALSE,1215
ROBBERY,ARMED: HANDGUN,FALSE,623
BATTERY,SIMPLE,TRUE,131
CRIMINAL DAMAGE,TO PROPERTY,FALSE,233
BATTERY,DOMESTIC BATTERY SIMPLE,FALSE,333
BATTERY,SIMPLE,TRUE,1432
CRIMINAL DAMAGE,TO PROPERTY,FALSE,914
THEFT,FROM BUILDING,FALSE,1831
THEFT,ATTEMPT THEFT,FALSE,632
BATTERY,DOMESTIC BATTERY SIMPLE,FALSE,1823
ROBBERY,AGGRAVATED,FALSE,111
BATTERY,AGG PO HANDS NO/MIN INJURY,FALSE,2514
OTHER OFFENSE,OTHER VEHICLE OFFENSE,FALSE,1221
BATTERY,DOMESTIC BATTERY SIMPLE,FALSE,1821
BATTERY,SIMPLE,FALSE,1824
BATTERY,DOMESTIC BATTERY SIMPLE,FALSE,1633
CRIMINAL DAMAGE,TO VEHICLE,FALSE,323
OTHER OFFENSE,LICENSE VIOLATION,FALSE,1532
BATTERY,DOMESTIC BATTERY SIMPLE,TRUE,2432
BURGLARY,FORCIBLE ENTRY,TRUE,735
THEFT,FROM BUILDING,FALSE,1831
BATTERY,SIMPLE,TRUE,1831
BATTERY,DOMESTIC BATTERY SIMPLE,FALSE,1211
BATTERY,AGGRAVATED: HANDGUN,FALSE,624
THEFT,$500 AND UNDER,FALSE,1232
CRIMINAL DAMAGE,TO VEHICLE,FALSE,614
CRIMINAL DAMAGE,TO VEHICLE,FALSE,2011
THEFT,FROM BUILDING,FALSE,1614
BURGLARY,UNLAWFUL ENTRY,FALSE,715
CRIMINAL DAMAGE,TO VEHICLE,FALSE,624
CRIMINAL TRESPASS,TO LAND,TRUE,225
THEFT,FROM BUILDING,FALSE,1812
BATTERY,AGGRAVATED:KNIFE/CUTTING INSTR,FALSE,714
BATTERY,AGGRAVATED DOMESTIC BATTERY: KNIFE/CUTTING INST,FALSE,533
BATTERY,SIMPLE,FALSE,923
BATTERY,SIMPLE,FALSE,1832
BATTERY,DOMESTIC BATTERY SIMPLE,FALSE,1532
CRIMINAL DAMAGE,TO PROPERTY,FALSE,1022
THEFT,$500 AND UNDER,FALSE,1634
DECEPTIVE PRACTICE,CREDIT CARD FRAUD,FALSE,1831
BATTERY,SIMPLE,FALSE,211
BATTERY,DOMESTIC BATTERY SIMPLE,FALSE,2522
CRIMINAL DAMAGE,TO PROPERTY,FALSE,2514
CRIMINAL TRESPASS,TO VEHICLE,FALSE,725
THEFT,FROM BUILDING,FALSE,131
CRIMINAL DAMAGE,TO PROPERTY,FALSE,1821
BATTERY,SIMPLE,FALSE,822
BATTERY,AGGRAVATED OF A SENIOR CITIZEN,TRUE,722
BATTERY,DOMESTIC BATTERY SIMPLE,FALSE,212
ASSAULT,SIMPLE,FALSE,2031
THEFT,FROM BUILDING,FALSE,235
WEAPONS VIOLATION,UNLAWFUL POSS OTHER FIREARM,TRUE,1732
BATTERY,SIMPLE,FALSE,631
PUBLIC PEACE VIOLATION,OTHER VIOLATION,FALSE,1651
ROBBERY,ARMED: HANDGUN,FALSE,111
THEFT,$500 AND UNDER,FALSE,1613
CRIMINAL DAMAGE,TO PROPERTY,FALSE,1134
CRIMINAL DAMAGE,TO VEHICLE,FALSE,1235
MOTOR VEHICLE THEFT,AUTOMOBILE,FALSE,724
ROBBERY,STRONGARM - NO WEAPON,FALSE,1214
ASSAULT,AGG PRO.EMP:KNIFE/CUTTING INST,FALSE,1112
THEFT,$500 AND UNDER,FALSE,321
BATTERY,SIMPLE,TRUE,1634
THEFT,OVER $500,FALSE,1915
BURGLARY,FORCIBLE ENTRY,FALSE,1712
THEFT,OVER $500,FALSE,1915
BATTERY,SIMPLE,FALSE,523
CRIMINAL DAMAGE,TO PROPERTY,FALSE,433
BATTERY,SIMPLE,FALSE,1933
BATTERY,DOMESTIC BATTERY SIMPLE,FALSE,1623
ROBBERY,ARMED: HANDGUN,FALSE,2033
ROBBERY,STRONGARM - NO WEAPON,FALSE,1533
ASSAULT,SIMPLE,FALSE,1034
THEFT,$500 AND UNDER,FALSE,1924
BATTERY,SIMPLE,TRUE,111
ROBBERY,ARMED: HANDGUN,FALSE,432
ASSAULT,AGGRAVATED:KNIFE/CUTTING INSTR,FALSE,1134
BATTERY,DOMESTIC BATTERY SIMPLE,FALSE,324
ASSAULT,AGGRAVATED: HANDGUN,FALSE,1533
BATTERY,DOMESTIC BATTERY SIMPLE,TRUE,321
THEFT,$500 AND UNDER,FALSE,1215
BATTERY,DOMESTIC BATTERY SIMPLE,FALSE,2432
ASSAULT,SIMPLE,TRUE,811
BATTERY,DOMESTIC BATTERY SIMPLE,TRUE,332
BATTERY,DOMESTIC BATTERY SIMPLE,FALSE,322
BATTERY,DOMESTIC BATTERY SIMPLE,FALSE,2413
CRIMINAL DAMAGE,TO VEHICLE,FALSE,1033
THEFT,$500 AND UNDER,FALSE,1925
MOTOR VEHICLE THEFT,AUTOMOBILE,FALSE,923
BURGLARY,FORCIBLE ENTRY,FALSE,314
CRIMINAL DAMAGE,TO CITY OF CHICAGO PROPERTY,FALSE,713
THEFT,POCKET-PICKING,FALSE,1832
THEFT,$500 AND UNDER,FALSE,2222
ROBBERY,STRONGARM - NO WEAPON,FALSE,1923
OFFENSE INVOLVING CHILDREN,CHILD ABUSE,FALSE,1022
THEFT,RETAIL THEFT,FALSE,1632
NARCOTICS,MANU/DELIVER: HEROIN (WHITE),TRUE,1115
CRIMINAL DAMAGE,TO PROPERTY,TRUE,333
MOTOR VEHICLE THEFT,AUTOMOBILE,FALSE,813
CRIMINAL DAMAGE,TO PROPERTY,FALSE,2233
NARCOTICS,POSS: CANNABIS 30GMS OR LESS,TRUE,631
BATTERY,DOMESTIC BATTERY SIMPLE,FALSE,1711
BATTERY,SIMPLE,FALSE,2512
THEFT,OVER $500,FALSE,2413
CRIMINAL DAMAGE,TO VEHICLE,FALSE,2515
BURGLARY,FORCIBLE ENTRY,FALSE,831
BATTERY,DOMESTIC BATTERY SIMPLE,FALSE,422
THEFT,OVER $500,FALSE,1011
NARCOTICS,POSS: METHAMPHETAMINES,TRUE,1122
CRIMINAL DAMAGE,TO PROPERTY,FALSE,511
DECEPTIVE PRACTICE,CREDIT CARD FRAUD,FALSE,1821
BATTERY,AGGRAVATED DOMESTIC BATTERY: OTHER DANG WEAPON,FALSE,324
BATTERY,AGG PO HANDS NO/MIN INJURY,FALSE,422